{"cameraMode":{"drawMode":0,"name":"Shaded","section":"Shading Mode"},"sceneLighting":true,"audioPlay":false,"sceneViewState":{"m_AlwaysRefresh":false,"showFog":true,"showSkybox":true,"showFlares":true,"showImageEffects":true,"showParticleSystems":true,"showVisualEffectGraphs":true,"m_FxEnabled":true},"in2DMode":false,"pivot":{"x":8.04202651977539,"y":12.072391510009766,"z":-5.1249918937683109},"rotation":{"x":0.1826266050338745,"y":-0.16432318091392518,"z":0.03097410313785076,"w":0.9688625931739807},"size":11.966707229614258,"orthographic":false}